loan_id,month,balance,noi,yearly_payments,payments_late
L001,2025-12,20000000.00,1430828.28,1362693.60,0
L002,2025-12,25307166.86,1771501.68,1362693.60,0
L003,2025-12,20000000.00,1771501.68,1362693.60,0
L004,2025-12,22644219.36,2241649.63,1694357.10,0
L005,2025-12,3298790.74,342442.37,251249.46,0
L006,2025-12,11513868.15,1115947.86,840854.41,0
L007,2025-12,21955206.34,2036217.41,1544196.74,0
L008,2025-12,17080346.20,1803831.18,1318512.41,0
L009,2025-12,16736074.56,1762020.84,1297262.90,0
L010,2025-12,14309177.32,1422587.18,1106868.89,0
L011,2025-12,5903659.92,641348.31,466104.39,0
L012,2025-12,15433710.73,1406619.24,1072581.72,0
L013,2025-12,16262728.30,1735191.84,1227087.96,0
L014,2025-12,25163989.79,2646365.68,1958557.91,0
L015,2025-12,22890364.05,2065703.02,1523629.73,0
L016,2025-12,22916644.08,2239074.81,1568326.75,0
L017,2025-12,5253685.35,485273.78,372728.96,0
L018,2025-12,18249631.49,1670166.75,1254447.09,0
L019,2025-12,28693030.86,2995647.04,2104364.42,0
L020,2025-12,17253404.47,1790942.88,1337362.68,0
L021,2025-12,25148631.81,2264051.88,1730573.61,0
L022,2025-12,7309628.31,773192.16,570671.62,0
L023,2025-12,17431730.98,1870822.91,1323540.75,0
L024,2025-12,3701773.66,359839.57,266328.04,0
L025,2025-12,25454925.15,2233600.24,1700024.38,0
L026,2025-12,25142136.09,2269864.51,1632552.88,0
L027,2025-12,16565042.42,1615154.02,1204599.52,0
L028,2025-12,19983355.23,1757498.62,1334601.89,0
L029,2025-12,22453397.07,1937037.11,1451360.44,0
L030,2025-12,20233692.88,2170386.28,1565152.53,0
L031,2025-12,28011685.60,2585707.95,1874960.74,0
L032,2025-12,9020842.64,979461.40,709318.83,0
L033,2025-12,9167326.22,1018621.41,728195.09,0
L034,2025-12,22848027.89,2111567.99,1656185.04,0
L035,2025-12,26282643.09,2553162.16,1927585.11,0
L036,2025-12,23188833.62,2351872.19,1762492.06,0
L037,2025-12,28140153.68,2767133.11,1977059.79,0
L038,2025-12,19687389.88,1661383.42,1289979.74,0
L039,2025-12,5758877.07,597957.92,445012.77,0
L040,2025-12,29960201.24,3013293.23,2218320.01,0
L041,2025-12,5263866.61,498051.97,373047.76,0
L042,2025-12,20486779.51,1867823.89,1374342.83,0
L043,2025-12,16524970.89,1553057.62,1124679.76,0
L044,2025-12,9992676.81,917363.75,671099.66,0
L045,2025-12,16447133.22,1620937.46,1268324.49,0
L046,2025-12,9154556.69,967678.83,724238.01,0
L047,2025-12,16726137.52,1688223.80,1267327.10,0
L048,2025-12,22079741.36,2274717.30,1697424.11,0
L049,2025-12,13621709.74,1415965.62,1082023.47,0
L050,2025-12,25401608.37,2161347.85,1677563.97,0
L051,2025-12,3058798.20,288064.16,221249.81,0
L052,2025-12,10574896.92,1018309.40,775569.40,0
L053,2025-12,15690761.19,1591592.76,1193832.69,0
L054,2025-12,14505413.23,1365809.95,1049209.43,0
L055,2025-12,29833914.40,2830301.73,2073338.80,0
L056,2025-12,19587265.96,1691455.33,1286317.16,0
L057,2025-12,21428845.98,2244745.27,1621957.83,0
L058,2025-12,10219078.68,1014633.25,712516.22,0
L059,2025-12,18214902.19,1892710.55,1380129.70,0
L060,2025-12,24996778.54,2243638.66,1658256.02,0
L061,2025-12,5377505.05,520754.55,379865.79,0
L062,2025-12,29877352.47,2857366.06,2013246.41,0
L063,2025-12,27672632.29,2901351.27,2138381.27,0
L064,2025-12,29315966.06,2795042.51,2184378.35,0
L065,2025-12,20941749.33,2028236.74,1498607.62,0
L066,2025-12,28974596.75,2601015.59,1982909.67,0
L067,2025-12,17909926.99,1921259.28,1414020.40,0
L068,2025-12,26159000.13,2710613.17,2036001.32,0
L069,2025-12,20602114.45,2089729.73,1461641.51,0
L070,2025-12,23631131.02,2189659.38,1548386.07,0
L071,2025-12,24275145.36,2166592.74,1606775.23,0
L072,2025-12,23202734.33,2372155.88,1798512.92,0
L073,2025-12,3507132.40,362408.11,261321.90,0
L074,2025-12,21145807.57,1947136.74,1472764.29,0
L075,2025-12,11843959.09,1163605.86,861285.29,0
L076,2025-12,28534385.05,2829574.40,2248263.31,0
L077,2025-12,13216719.26,1134003.56,853342.14,0
L078,2025-12,28710303.13,2550080.25,1934606.31,0
L079,2025-12,10531995.18,1078561.79,784755.39,0
L080,2025-12,10280466.61,1037566.41,805073.34,0
L081,2025-12,19714593.12,1602954.81,1272879.65,0
L082,2025-12,15274766.35,1596431.87,1201071.77,0
L083,2025-12,8987428.47,847251.64,635557.95,0
L084,2025-12,17865667.16,1708749.06,1228054.07,0
L085,2025-12,22605840.02,2049469.41,1509746.31,0
L086,2025-12,4679994.78,498726.26,352387.61,0
L087,2025-12,22077437.91,2422488.12,1725376.18,0
L088,2025-12,24731681.18,2464855.51,1889535.82,0
L089,2025-12,18944399.77,1811163.86,1323765.59,0
L090,2025-12,8667388.14,861711.48,622247.70,0
L091,2025-12,4048106.19,438037.43,308640.50,0
L092,2025-12,12287239.11,1263020.07,921323.66,0
L093,2025-12,26096691.73,2815233.56,2024910.75,0
L094,2025-12,7138102.41,746026.12,547057.45,0
L095,2025-12,4223236.95,403266.92,289659.59,0
L096,2025-12,23303725.10,2361331.95,1727280.51,0
L097,2025-12,7315878.60,623185.10,476119.26,0
L098,2025-12,21435027.00,2108413.38,1457242.67,0
L099,2025-12,21279859.25,2348394.98,1688627.83,0
L100,2025-12,19317130.52,1798740.35,1403232.69,0
